City_ID,City,Country,Date,Lat,Lng,Max Temp,Humidity,Cloudiness,Wind Speed
0,Skibbereen,IE,2021-10-24 03:05:46,51.55,-9.2667,55.2,88,12,13.78
1,Thompson,CA,2021-10-24 03:05:46,55.7435,-97.8558,35.58,74,100,4.05
2,Upernavik,GL,2021-10-24 03:05:46,72.7868,-56.1549,19.08,90,100,13.35
3,Vaini,TO,2021-10-24 03:05:47,-21.2,-175.2,77.16,78,20,10.36
4,Una,IN,2021-10-24 03:05:47,20.8167,71.0333,78.69,64,4,3.76
5,Hithadhoo,MV,2021-10-24 03:00:57,-0.6,73.0833,82.8,73,100,12.75
6,Hilo,US,2021-10-24 03:05:48,19.7297,-155.09,78.53,72,20,5.75
7,Ancud,CL,2021-10-24 03:05:48,-41.8697,-73.8203,48.42,77,82,9.42
8,Provideniya,RU,2021-10-24 03:05:48,64.3833,-173.3,24.26,78,100,8.68
9,Albany,US,2021-10-24 03:05:49,42.6001,-73.9662,47.8,80,60,4.94
10,Pamanukan,ID,2021-10-24 03:05:49,-6.2842,107.8106,89.26,55,73,6.44
11,Yaan,NG,2021-10-24 03:04:00,7.3833,8.5667,72.23,86,99,2.68
12,Bluff,NZ,2021-10-24 03:05:50,-46.6,168.3333,52.32,94,100,5.99
13,Bredasdorp,ZA,2021-10-24 03:05:50,-34.5322,20.0403,49.28,69,69,2.19
14,Gamba,GA,2021-10-24 03:05:50,-2.65,10.0,75.97,88,100,3.67
15,Mataura,NZ,2021-10-24 03:05:51,-46.1927,168.8643,66.97,56,99,3.89
16,Busselton,AU,2021-10-24 03:01:58,-33.65,115.3333,77.04,58,99,7.49
17,Ushuaia,AR,2021-10-24 03:02:53,-54.8,-68.3,30.63,94,90,4.52
18,Itarema,BR,2021-10-24 03:05:52,-2.9248,-39.9167,79.56,80,72,11.81
19,Yellowknife,CA,2021-10-24 03:05:52,62.456,-114.3525,41.56,83,100,17.0
20,Mercedes,AR,2021-10-24 03:05:52,-34.6515,-59.4307,58.84,62,0,11.72
21,Faanui,PF,2021-10-24 03:05:53,-16.4833,-151.75,76.87,85,82,15.03
22,Dehloran,IR,2021-10-24 03:05:53,32.6941,47.2679,73.33,27,33,7.36
23,Leshan,CN,2021-10-24 03:05:54,29.5623,103.7639,59.41,84,100,1.12
24,Hermanus,ZA,2021-10-24 03:03:17,-34.4187,19.2345,54.9,71,23,4.9
25,Basco,PH,2021-10-24 03:04:55,20.4487,121.9702,81.23,77,34,18.12
26,Sayyan,YE,2021-10-24 03:05:54,15.1718,44.3244,50.77,44,29,4.45
27,Kloulklubed,PW,2021-10-24 03:05:37,7.0419,134.2556,84.7,71,9,4.65
28,Carnarvon,AU,2021-10-24 03:02:39,-24.8667,113.6333,80.1,51,0,12.59
29,Saint-Joseph,RE,2021-10-24 03:05:55,-21.3667,55.6167,73.76,79,21,7.7
30,Cape Town,ZA,2021-10-24 03:04:01,-33.9258,18.4232,55.11,73,1,6.6
31,East London,ZA,2021-10-24 03:04:01,-33.0153,27.9116,58.82,66,17,15.41
32,Camalu,MX,2021-10-24 03:05:56,30.85,-116.0667,58.87,78,13,11.25
33,Rikitea,PF,2021-10-24 03:03:06,-23.1203,-134.9692,74.91,79,100,19.22
34,Hami,CN,2021-10-24 03:03:53,42.8,93.45,48.97,42,100,2.42
35,Tura,IN,2021-10-24 03:02:19,25.5198,90.2201,76.01,62,19,0.89
36,Iqaluit,CA,2021-10-24 03:05:57,63.7506,-68.5145,31.69,88,100,17.0
37,Svarstad,NO,2021-10-24 03:05:57,59.399,9.9698,47.82,53,100,6.33
38,Atuona,PF,2021-10-24 03:05:58,-9.8,-139.0333,78.15,78,17,18.41
39,Presidencia Roque Saenz Pena,AR,2021-10-24 03:04:01,-26.7852,-60.4388,59.56,92,0,3.98
40,Uglekamensk,RU,2021-10-24 03:05:58,43.2172,133.2303,56.71,36,0,1.48
41,Menongue,AO,2021-10-24 03:05:59,-14.6585,17.691,63.99,77,91,3.04
42,Kotra,IN,2021-10-24 03:05:59,25.8167,79.3167,77.38,53,0,4.65
43,Butaritari,KI,2021-10-24 03:05:59,3.0707,172.7902,81.21,72,40,7.81
44,Vila Velha,BR,2021-10-24 03:03:08,-20.3297,-40.2925,71.89,90,11,11.39
45,Mar Del Plata,AR,2021-10-24 03:06:00,-38.0023,-57.5575,50.88,74,0,1.99
46,Taksimo,RU,2021-10-24 03:06:00,56.3444,114.8794,37.89,54,88,1.92
47,Kidal,ML,2021-10-24 03:04:49,18.4411,1.4078,84.04,35,51,2.57
48,Constitucion,CL,2021-10-24 03:06:01,-35.3333,-72.4167,50.14,88,2,13.0
49,Umm Lajj,SA,2021-10-24 03:06:01,25.0213,37.2685,76.14,60,0,9.51
50,Nouadhibou,MR,2021-10-24 03:06:02,20.931,-17.0347,67.66,84,0,18.03
51,Maragogi,BR,2021-10-24 03:06:03,-9.0122,-35.2225,77.38,86,32,9.69
52,Kodiak,US,2021-10-24 03:03:31,57.79,-152.4072,42.4,87,98,26.89
53,Cayenne,GF,2021-10-24 03:06:03,4.9333,-52.3333,79.09,90,90,3.0
54,Sur,OM,2021-10-24 03:06:04,22.5667,59.5289,81.3,59,1,7.31
55,Puerto Ayora,EC,2021-10-24 03:02:04,-0.7393,-90.3518,68.88,89,79,7.85
56,Chalus,IR,2021-10-24 03:04:15,36.655,51.4204,62.11,74,42,4.23
57,Vrangel,RU,2021-10-24 03:06:02,42.7297,133.0839,54.79,45,0,9.17
58,General Bravo,MX,2021-10-24 03:06:04,25.8,-99.1667,79.63,69,23,17.58
59,Thunder Bay,CA,2021-10-24 03:06:05,48.4001,-89.3168,40.98,87,90,3.44
60,Whitehaven,GB,2021-10-24 03:06:05,54.549,-3.5841,50.85,93,100,18.01
61,Mahebourg,MU,2021-10-24 03:01:57,-20.4081,57.7,77.25,71,77,12.8
62,Alice Springs,AU,2021-10-24 03:03:08,-23.7,133.8833,78.35,21,7,17.27
63,Qaanaaq,GL,2021-10-24 03:06:06,77.484,-69.3632,-1.59,59,0,7.87
64,Monchegorsk,RU,2021-10-24 03:02:18,67.9397,32.8739,20.88,85,80,4.14
65,Kampot,KH,2021-10-24 03:06:07,10.6167,104.1833,86.05,78,82,13.29
66,Cidreira,BR,2021-10-24 03:06:07,-30.1811,-50.2056,64.87,93,100,8.16
67,Sao Joao Da Barra,BR,2021-10-24 03:04:13,-21.6403,-41.0511,72.34,90,5,22.68
68,Corcoran,US,2021-10-24 03:06:07,36.098,-119.5604,64.45,38,100,5.53
69,Saint-Pierre,RE,2021-10-24 03:04:52,-21.3393,55.4781,74.84,81,75,5.75
70,Ayolas,PY,2021-10-24 03:06:08,-27.4,-56.9,62.91,92,99,11.5
71,Sukabumi,ID,2021-10-24 03:06:09,-6.9181,106.9267,85.6,56,96,2.3
72,Arraial Do Cabo,BR,2021-10-24 03:05:05,-22.9661,-42.0278,70.92,89,22,31.9
73,Baruun-Urt,MN,2021-10-24 03:06:09,46.6806,113.2792,44.56,28,6,12.19
74,Bambous Virieux,MU,2021-10-24 03:06:09,-20.3428,57.7575,77.22,71,90,12.59
75,Buraydah,SA,2021-10-24 03:06:10,26.326,43.975,71.51,25,0,9.24
76,Jining,CN,2021-10-24 03:06:10,35.405,116.5814,62.87,50,86,6.44
77,Nemuro,JP,2021-10-24 03:06:10,43.3236,145.575,52.34,63,11,15.55
78,Soyo,AO,2021-10-24 03:04:17,-6.1349,12.3689,77.58,84,100,8.43
79,Udachnyy,RU,2021-10-24 03:05:45,66.4167,112.4,26.78,92,100,20.98
80,Meulaboh,ID,2021-10-24 03:06:11,4.1363,96.1285,83.46,69,77,1.57
81,Hobart,AU,2021-10-24 03:06:12,-42.8794,147.3294,55.02,58,75,1.99
82,Ruteng,ID,2021-10-24 03:06:12,-8.6136,120.4721,79.3,53,27,0.6
83,Itaituba,BR,2021-10-24 03:05:26,-4.2761,-55.9836,75.58,94,99,2.68
84,Nalobikha,RU,2021-10-24 03:06:13,53.2006,84.6039,42.84,57,100,23.78
85,Caravelas,BR,2021-10-24 03:06:13,-17.7125,-39.2481,74.39,90,95,3.33
86,Polson,US,2021-10-24 03:06:13,47.6936,-114.1632,46.54,64,77,2.68
87,Batemans Bay,AU,2021-10-24 03:05:29,-35.7167,150.1833,73.98,37,11,9.28
88,Linxia,CN,2021-10-24 03:06:14,35.6003,103.2064,50.43,64,100,4.29
89,Hosdurga,IN,2021-10-24 03:06:14,13.7981,76.2861,71.37,83,99,2.24
90,Nikolskoye,RU,2021-10-24 03:06:15,59.7035,30.7861,34.88,91,72,8.16
91,Los Llanos De Aridane,ES,2021-10-24 03:06:15,28.6585,-17.9182,64.15,77,90,4.0
92,Ahipara,NZ,2021-10-24 03:06:15,-35.1667,173.1667,65.07,78,21,7.29
93,Dikson,RU,2021-10-24 03:06:16,73.5069,80.5464,9.19,86,100,15.61
94,Georgetown,MY,2021-10-24 03:05:26,5.4112,100.3354,87.73,74,20,6.91
95,Burnie,AU,2021-10-24 03:06:16,-41.0667,145.9167,61.95,41,26,5.17
96,Moctezuma,MX,2021-10-24 03:06:17,29.8,-109.6667,69.85,40,0,4.14
97,Kavaratti,IN,2021-10-24 03:06:17,10.5669,72.642,80.8,76,73,2.24
98,Tasiilaq,GL,2021-10-24 03:03:12,65.6145,-37.6368,32.16,96,100,6.51
99,Saint-Philippe,RE,2021-10-24 03:06:18,-21.3585,55.7679,74.75,82,40,13.56
100,Kapaa,US,2021-10-24 03:06:18,22.0752,-159.319,82.38,80,75,4.0
101,Bardiyah,LY,2021-10-24 03:06:18,31.7561,25.0865,67.08,70,0,2.93
102,Kieta,PG,2021-10-24 03:06:19,-6.2167,155.6333,84.15,73,19,5.37
103,Lazaro Cardenas,MX,2021-10-24 03:06:14,17.9583,-102.2,77.41,87,100,3.71
104,Mount Isa,AU,2021-10-24 03:06:19,-20.7333,139.5,98.37,20,22,11.5
105,Kaliganj,BD,2021-10-24 03:06:20,23.4095,89.1402,79.88,72,4,5.61
106,Pevek,RU,2021-10-24 03:06:20,69.7008,170.3133,9.23,91,100,5.28
107,Broken Hill,AU,2021-10-24 03:06:20,-31.95,141.4333,66.96,27,0,12.21
108,Avarua,CK,2021-10-24 03:06:21,-21.2078,-159.775,75.25,53,75,5.75
109,Qaqortoq,GL,2021-10-24 03:04:31,60.7167,-46.0333,32.5,64,21,5.39
110,Jamestown,US,2021-10-24 03:02:57,42.097,-79.2353,44.29,96,75,1.01
111,Nadadores,MX,2021-10-24 03:06:21,27.05,-101.6,79.88,54,8,1.66
112,Mitchell,US,2021-10-24 03:06:21,43.7094,-98.0298,48.18,59,90,10.0
113,Junction City,US,2021-10-24 03:06:22,39.0286,-96.8314,62.4,89,90,3.0
114,Klaksvik,FO,2021-10-24 03:03:24,62.2266,-6.589,49.12,90,100,13.47
115,Punta Arenas,CL,2021-10-24 03:03:43,-53.15,-70.9167,37.11,86,100,17.09
116,Wladyslawowo,PL,2021-10-24 03:06:23,54.7909,18.4009,36.93,68,73,7.2
117,Port Alfred,ZA,2021-10-24 03:06:23,-33.5906,26.891,56.64,72,27,13.65
118,Bassano,CA,2021-10-24 03:06:23,50.7834,-112.4685,41.65,84,99,8.19
119,Barrow,US,2021-10-24 03:01:59,71.2906,-156.7887,30.22,80,90,14.97
120,Bathsheba,BB,2021-10-24 03:06:24,13.2167,-59.5167,83.01,74,40,19.57
121,Dolores,AR,2021-10-24 03:06:24,-36.3132,-57.6792,47.59,70,3,11.41
122,San Cristobal,VE,2021-10-24 03:03:04,7.7669,-72.225,66.47,98,100,2.21
123,Khatanga,RU,2021-10-24 03:02:52,71.9667,102.5,6.8,92,95,16.02
124,Severo-Kurilsk,RU,2021-10-24 03:03:35,50.6789,156.125,40.75,84,67,10.92
125,Banepa,NP,2021-10-24 03:06:25,27.6298,85.5214,66.52,83,75,0.0
126,Gat,IL,2021-10-24 03:04:27,31.61,34.7642,66.81,100,2,2.57
127,Ponta Delgada,PT,2021-10-24 03:04:39,37.7333,-25.6667,65.12,77,20,8.05
128,Riyadh,SA,2021-10-24 03:04:00,24.6877,46.7219,69.94,24,0,8.99
129,Dalbandin,PK,2021-10-24 03:06:26,28.8947,64.4101,57.69,16,0,5.17
130,Luan,CH,2021-10-24 03:06:26,46.3592,6.9759,37.56,86,5,5.06
131,Zabid,YE,2021-10-24 03:06:27,14.1951,43.3152,82.98,65,4,1.68
132,Letterkenny,IE,2021-10-24 03:06:27,54.95,-7.7333,54.03,91,100,9.22
133,Hailey,US,2021-10-24 03:06:27,43.5196,-114.3153,42.66,75,90,4.61
134,Ishigaki,JP,2021-10-24 03:02:55,24.3448,124.1572,77.59,66,85,12.86
135,Calamar,CO,2021-10-24 03:06:28,10.2511,-74.9146,82.35,91,99,5.37
136,Dwarka,IN,2021-10-24 03:06:28,22.2394,68.9678,81.36,63,29,14.97
137,Ayagoz,KZ,2021-10-24 03:06:29,47.9714,80.4392,37.09,47,38,9.78
138,Santa Cruz,BO,2021-10-24 03:03:36,-17.8,-63.1667,81.0,53,100,18.16
139,Bethel,US,2021-10-24 03:06:29,41.3712,-73.414,54.05,84,90,4.61
140,Tianpeng,CN,2021-10-24 03:06:29,30.9866,103.9393,62.64,72,99,2.95
141,Prince Rupert,CA,2021-10-24 03:04:24,54.3161,-130.3201,41.95,89,96,9.4
142,Lebu,CL,2021-10-24 03:06:30,-37.6167,-73.65,48.81,93,13,5.59
143,Clyde River,CA,2021-10-24 03:05:31,70.4692,-68.5914,17.15,84,92,11.54
144,Kalmunai,LK,2021-10-24 03:06:31,7.4167,81.8167,81.97,72,80,3.49
145,Eureka,US,2021-10-24 03:06:31,40.8021,-124.1637,60.37,80,100,3.0
146,The Valley,AI,2021-10-24 03:05:31,18.217,-63.0578,82.26,73,56,17.83
147,Dillon,US,2021-10-24 03:06:31,34.4166,-79.3712,59.83,62,0,5.1
148,Ngong,KE,2021-10-24 03:06:32,-1.3618,36.6566,57.99,73,48,8.14
149,Chokurdakh,RU,2021-10-24 03:02:03,70.6333,147.9167,-2.11,97,99,5.48
150,Avera,US,2021-10-24 03:06:32,33.194,-82.5271,59.72,63,0,3.02
151,New Norfolk,AU,2021-10-24 03:02:22,-42.7826,147.0587,54.66,53,100,4.0
152,Padang,ID,2021-10-24 03:06:33,-0.9492,100.3543,82.45,81,75,5.32
153,Yakeshi,CN,2021-10-24 03:06:33,49.2833,120.7333,43.36,44,0,8.37
154,Dhanera,IN,2021-10-24 03:06:34,24.5167,72.0167,77.68,69,0,10.13
155,Dois Vizinhos,BR,2021-10-24 03:02:38,-25.7336,-53.0572,61.5,99,100,2.26
156,Saldanha,ZA,2021-10-24 03:06:34,-33.0117,17.9442,56.43,72,0,8.7
157,Puerto Baquerizo Moreno,EC,2021-10-24 03:02:44,-0.9,-89.6,68.81,87,91,9.57
158,Nyurba,RU,2021-10-24 03:04:53,63.2842,118.3319,33.67,71,100,10.89
159,Port Townsend,US,2021-10-24 03:06:35,48.117,-122.7605,53.96,91,90,8.99
160,Seymchan,RU,2021-10-24 03:06:35,62.8833,152.4333,5.77,71,24,2.98
161,Ketchikan,US,2021-10-24 03:06:35,55.3422,-131.6461,43.59,88,100,12.5
162,Pisco,PE,2021-10-24 03:06:36,-13.7,-76.2167,62.02,82,48,1.14
163,Saint George,US,2021-10-24 03:04:24,37.1041,-113.5841,67.24,37,1,3.0
164,Sibolga,ID,2021-10-24 03:06:36,1.7427,98.7792,78.71,85,99,0.76
165,Nirasaki,JP,2021-10-24 03:06:37,35.7,138.45,63.48,47,6,2.46
166,Tornio,FI,2021-10-24 03:06:37,65.8481,24.1466,6.82,83,92,5.06
167,Kaili,ID,2021-10-24 03:06:37,-3.4626,120.2147,82.24,56,18,4.94
168,Sitka,US,2021-10-24 03:06:38,57.0531,-135.33,46.29,71,90,9.22
169,Matadi,CD,2021-10-24 03:06:38,-5.8167,13.45,77.67,87,100,2.1
170,Ulcinj,ME,2021-10-24 03:06:38,41.9294,19.2244,57.42,79,100,13.53
171,Upata,VE,2021-10-24 03:06:39,8.0086,-62.3989,69.71,96,100,4.43
172,Sijunjung,ID,2021-10-24 03:06:39,-0.6876,100.9537,81.25,84,86,1.59
173,Russell,US,2021-10-24 03:04:24,32.3502,-85.1999,58.23,87,1,0.0
174,Bandarbeyla,SO,2021-10-24 03:04:58,9.4942,50.8122,77.85,73,46,4.27
175,La Ronge,CA,2021-10-24 03:03:51,55.1001,-105.2842,36.57,76,6,16.69
176,San-Pedro,CI,2021-10-24 03:04:06,4.7485,-6.6363,76.05,91,96,3.0
177,Scarborough,GB,2021-10-24 03:06:40,54.2797,-0.4044,52.09,79,100,4.0
178,Chapais,CA,2021-10-24 03:06:28,49.7834,-74.8492,27.72,93,100,0.81
179,Saint-Georges,GD,2021-10-24 03:06:40,12.0564,-61.7485,81.07,73,12,17.63
180,Port Elizabeth,ZA,2021-10-24 03:05:26,-33.918,25.5701,56.19,68,3,10.45
181,Fortuna,US,2021-10-24 03:04:29,40.5982,-124.1573,60.1,91,90,1.01
182,Homer,US,2021-10-24 03:05:22,59.6425,-151.5483,46.29,74,75,16.11
183,Jishui,CN,2021-10-24 03:06:41,33.7333,115.4,60.42,49,100,5.68
184,Khon Kaen,TH,2021-10-24 03:06:41,16.5,102.0833,77.95,70,50,5.32
185,Madaoua,NE,2021-10-24 03:06:42,14.073,5.96,80.73,48,89,2.42
186,Jackson,US,2021-10-24 03:02:29,42.4165,-122.8345,57.07,69,40,20.71
187,Marawi,PH,2021-10-24 03:06:42,7.9986,124.2928,73.65,55,91,2.75
188,Lagos,NG,2021-10-24 03:04:57,6.5833,3.75,74.05,97,99,2.93
189,Tuktoyaktuk,CA,2021-10-24 03:03:06,69.4541,-133.0374,24.64,93,75,4.7
190,Vaiano,IT,2021-10-24 03:06:43,43.949,11.1232,61.05,75,0,8.05
191,Nova Floresta,BR,2021-10-24 03:06:43,-6.4553,-36.2033,69.98,86,88,12.48
192,Abeche,TD,2021-10-24 03:06:43,13.8292,20.8324,81.07,21,38,14.29
193,Smithers,CA,2021-10-24 03:06:44,54.7804,-127.1743,36.57,92,14,1.05
194,Imphal,IN,2021-10-24 03:05:05,24.8167,93.95,73.44,66,3,0.25
195,Allende,MX,2021-10-24 03:06:26,25.2833,-100.0167,76.57,77,10,4.7
196,Zhigansk,RU,2021-10-24 03:02:56,66.7697,123.3711,22.78,92,90,10.54
197,Egvekinot,RU,2021-10-24 03:06:45,66.3167,-179.1667,10.74,86,100,6.73
198,Huarmey,PE,2021-10-24 03:02:03,-10.0681,-78.1522,63.46,85,28,10.96
199,Carballo,ES,2021-10-24 03:06:45,43.213,-8.691,55.76,93,6,4.74
200,Castro,BR,2021-10-24 03:06:45,-24.7911,-50.0119,58.55,97,100,5.7
201,Sovetskiy,RU,2021-10-24 03:06:46,61.3614,63.5842,31.42,80,52,6.78
202,Limon,CR,2021-10-24 03:06:46,10.0,-83.0333,78.98,83,95,3.94
203,Farrukhnagar,IN,2021-10-24 03:06:46,17.0778,78.2011,76.71,63,78,2.39
204,Zeya,RU,2021-10-24 03:06:47,53.75,127.2667,45.19,57,15,3.04
205,Keflavik,IS,2021-10-24 03:06:47,64.0049,-22.5624,45.52,100,75,9.22
206,Oga,IT,2021-10-24 03:06:48,46.4631,10.347,36.7,52,1,2.26
207,Praia Da Vitoria,PT,2021-10-24 03:06:48,38.7333,-27.0667,64.76,77,8,9.91
208,Eugene,US,2021-10-24 03:06:48,44.0521,-123.0867,54.27,94,75,1.99
209,Longyearbyen,SJ,2021-10-24 03:06:49,78.2186,15.6401,15.64,86,0,8.05
210,Saskylakh,RU,2021-10-24 03:03:00,71.9167,114.0833,6.58,94,100,13.65
211,Santa Rosa,PH,2021-10-24 03:05:53,14.3122,121.1114,79.09,85,100,12.24
212,Ponta Do Sol,PT,2021-10-24 03:06:49,32.6667,-17.1,70.43,65,15,6.06
213,Ribeira Grande,PT,2021-10-24 03:04:28,38.5167,-28.7,67.08,63,64,11.14
214,Payson,US,2021-10-24 03:05:50,40.0444,-111.7321,50.99,88,40,4.61
215,Yerbogachen,RU,2021-10-24 03:06:50,61.2767,108.0108,32.85,72,100,12.68
216,San Buenaventura,MX,2021-10-24 03:06:50,27.0833,-101.5333,80.11,66,4,2.17
217,Jinka,ET,2021-10-24 03:06:51,5.65,36.65,63.72,65,8,3.22
218,Hamilton,US,2021-10-24 03:06:51,39.1834,-84.5333,55.58,90,90,0.0
219,Yatou,CN,2021-10-24 03:06:51,37.15,122.3833,60.13,43,4,4.12
220,Victoria,HK,2021-10-24 03:05:14,22.2855,114.1577,76.03,69,10,10.0
221,Lagoa,PT,2021-10-24 03:04:28,39.05,-27.9833,66.67,59,81,12.82
222,Namatanai,PG,2021-10-24 03:05:09,-3.6667,152.4333,84.4,71,78,7.11
223,Andenes,NO,2021-10-24 03:06:52,69.3143,16.1194,30.18,93,75,2.3
224,Zharkovskiy,RU,2021-10-24 03:06:52,55.849,32.2697,35.35,94,100,10.38
225,Codrington,AU,2021-10-24 03:06:53,-38.2667,141.9667,53.42,63,98,15.01
226,Ambilobe,MG,2021-10-24 03:03:05,-13.2,49.05,75.74,83,97,2.93
227,Biak,ID,2021-10-24 03:06:53,-0.9131,122.8766,84.49,60,45,2.53
228,Pangnirtung,CA,2021-10-24 03:04:26,66.1451,-65.7125,23.56,84,99,5.59
229,Narsaq,GL,2021-10-24 03:06:54,60.9167,-46.05,32.22,52,32,4.36
230,Amherst,US,2021-10-24 03:06:54,41.3978,-82.2224,48.74,89,75,0.0
231,Atherton,GB,2021-10-24 03:06:55,53.5237,-2.4935,53.73,78,98,8.01
232,San Patricio,US,2021-10-24 03:06:55,28.017,-97.5169,80.46,71,2,9.37
233,Beloha,MG,2021-10-24 03:06:55,-25.1667,45.05,68.63,78,0,3.09
234,Whitehorse,CA,2021-10-24 03:03:53,60.7161,-135.0538,40.01,94,100,4.92
235,Pontes E Lacerda,BR,2021-10-24 03:03:37,-15.2261,-59.3353,83.8,54,32,6.26
236,Atasu,KZ,2021-10-24 03:06:56,48.6814,71.6433,38.32,50,0,9.01
237,Guerrero Negro,MX,2021-10-24 03:06:56,27.9769,-114.0611,66.47,81,8,17.72
238,Saint Anthony,US,2021-10-24 03:06:57,45.0205,-93.218,43.14,76,1,1.01
239,Vostok,RU,2021-10-24 03:06:57,46.4856,135.8833,47.5,43,0,8.23
240,Margate,GB,2021-10-24 03:06:57,51.3813,1.3862,55.9,76,15,5.01
241,Wittenberge,DE,2021-10-24 03:06:58,53.0,11.75,45.0,89,45,4.74
242,Norman Wells,CA,2021-10-24 03:06:58,65.282,-126.8329,27.61,94,1,2.68
243,Havre-Saint-Pierre,CA,2021-10-24 03:06:59,50.2334,-63.5986,45.18,91,100,9.01
244,Airai,TL,2021-10-24 03:03:16,-8.9266,125.4092,81.86,33,25,1.81
245,Ilulissat,GL,2021-10-24 03:06:59,69.2167,-51.1,23.02,74,90,13.8
246,Bubaque,GW,2021-10-24 03:06:59,11.2833,-15.8333,82.44,74,100,6.11
247,Brigantine,US,2021-10-24 03:07:00,39.4101,-74.3646,58.01,89,1,8.05
248,Westport,US,2021-10-24 03:07:00,41.1415,-73.3579,55.74,72,90,1.99
249,Trat,TH,2021-10-24 03:07:00,12.5,102.5,87.26,73,89,13.89
250,Leningradskiy,RU,2021-10-24 03:07:01,69.3833,178.4167,10.44,95,100,8.39
251,Morondava,MG,2021-10-24 03:07:01,-20.2833,44.2833,68.74,76,0,6.46
252,Morgan City,US,2021-10-24 03:07:02,29.6994,-91.2068,77.0,82,100,7.18
253,Coquimbo,CL,2021-10-24 03:03:49,-29.9533,-71.3436,57.38,75,0,4.29
254,Torbay,CA,2021-10-24 03:05:32,47.6666,-52.7314,59.77,95,90,12.66
255,Samfya,ZM,2021-10-24 03:07:03,-11.3649,29.5565,77.99,41,81,6.29
256,Ialibu,PG,2021-10-24 03:07:03,-6.2821,143.9935,74.48,50,16,5.5
257,Sisimiut,GL,2021-10-24 03:07:04,66.9395,-53.6735,22.93,88,100,6.78
258,Fulton,US,2021-10-24 03:07:04,33.7668,-84.4499,58.12,89,1,0.0
259,Orodara,BF,2021-10-24 03:07:04,10.9492,-4.9342,71.74,86,59,2.28
260,Garden City,US,2021-10-24 03:07:05,42.3256,-83.331,44.85,86,20,0.0
261,Mount Gambier,AU,2021-10-24 03:02:35,-37.8333,140.7667,54.5,55,91,10.31
262,Ratnagiri,IN,2021-10-24 03:07:05,16.9833,73.3,78.28,76,9,4.94
263,Bealanana,MG,2021-10-24 03:07:06,-14.55,48.7333,63.63,94,63,2.35
264,Sanchor,IN,2021-10-24 03:07:06,24.7553,71.7722,79.23,67,0,9.62
265,Lavrentiya,RU,2021-10-24 03:02:36,65.5833,-171.0,24.17,83,100,9.75
266,Krasnoarmeysk,RU,2021-10-24 03:07:07,51.0239,45.6969,43.29,84,91,8.39
267,Balkanabat,TM,2021-10-24 03:07:07,39.5108,54.3671,53.55,29,0,1.5
268,Taoudenni,ML,2021-10-24 03:07:08,22.6783,-3.9836,80.17,23,0,7.96
269,Camacha,PT,2021-10-24 03:03:21,33.0833,-16.3333,66.96,64,75,6.91
270,Medvedok,RU,2021-10-24 03:07:08,57.3891,50.0351,38.66,87,95,6.33
271,Surt,LY,2021-10-24 03:07:09,31.2089,16.5887,77.68,38,100,21.92
272,Sawtell,AU,2021-10-24 03:03:27,-30.3833,153.1,79.18,73,6,8.05
273,Chaumont,FR,2021-10-24 03:03:14,48.1167,5.1333,35.89,88,0,6.49
274,Terney,RU,2021-10-24 03:07:09,45.0503,136.6092,56.93,41,3,5.7
275,Abu Dhabi,AE,2021-10-24 03:02:16,24.4667,54.3667,83.93,60,0,0.81
276,Joshimath,IN,2021-10-24 03:07:10,30.5667,79.5667,60.67,35,23,1.95
277,Leh,IN,2021-10-24 03:05:01,34.1667,77.5833,31.1,85,100,2.93
278,Pathein,MM,2021-10-24 03:07:10,16.7833,94.7333,82.44,78,79,5.26
279,Ankazoabo,MG,2021-10-24 03:07:11,-22.2833,44.5167,64.99,56,0,2.39
280,Barra Patuca,HN,2021-10-24 03:07:11,15.8,-84.2833,80.11,85,99,8.72
281,Yumen,CN,2021-10-24 03:07:12,40.2833,97.2,45.88,30,78,4.72
282,Tiksi,RU,2021-10-24 03:04:50,71.6872,128.8694,3.16,94,100,10.25
283,Rognan,NO,2021-10-24 03:05:19,67.0953,15.3878,35.89,73,100,6.87
284,Daru,PG,2021-10-24 03:07:12,-9.0763,143.2092,84.52,71,99,13.4
285,Ravar,IR,2021-10-24 03:07:13,31.2656,56.8055,56.75,20,0,0.89
286,Turkistan,KZ,2021-10-24 03:07:13,43.0,68.0,49.35,35,0,11.36
287,San Quintin,MX,2021-10-24 03:07:13,30.4833,-115.95,59.43,75,7,18.66
288,Yar-Sale,RU,2021-10-24 03:04:40,66.8333,70.8333,27.82,90,96,12.48
289,Hualmay,PE,2021-10-24 03:07:14,-11.0964,-77.6139,62.8,84,35,10.27
290,Rio De Jesus,PA,2021-10-24 03:07:14,7.9844,-81.1631,74.98,94,100,2.71
291,Portland,US,2021-10-24 03:05:17,45.5234,-122.6762,55.17,95,75,1.01
292,Akdepe,TM,2021-10-24 03:07:15,42.0551,59.3788,42.89,38,0,9.69
293,Adeje,ES,2021-10-24 03:07:15,28.1227,-16.726,70.93,68,20,9.22
294,Puerto Quijarro,BO,2021-10-24 03:07:16,-17.7833,-57.7667,92.52,39,51,9.6
295,Ballina,AU,2021-10-24 03:06:39,-28.8667,153.5667,86.18,40,83,14.32
296,Zhezkazgan,KZ,2021-10-24 03:07:16,47.8043,67.7144,41.4,43,1,7.14
297,Lorengau,PG,2021-10-24 03:06:37,-2.0226,147.2712,85.37,68,98,9.4
298,Yuanping,CN,2021-10-24 03:07:17,38.7153,112.7575,52.92,46,61,1.95
299,Kasempa,ZM,2021-10-24 03:06:45,-13.4584,25.8338,71.22,51,94,1.63
300,Saint-Louis,SN,2021-10-24 03:07:17,16.3333,-15.0,84.94,24,78,3.44
301,Muroto,JP,2021-10-24 03:07:18,33.2833,134.15,63.7,50,99,5.86
302,Dhidhdhoo,MV,2021-10-24 03:07:18,6.8833,73.1,81.25,78,100,10.38
303,Laguna,US,2021-10-24 03:07:18,38.421,-121.4238,62.6,76,90,4.61
304,Semenyih,MY,2021-10-24 03:07:19,2.9516,101.843,82.15,77,100,2.68
305,Aras,ES,2021-10-24 03:07:19,42.5617,-2.356,40.71,93,0,2.3
306,Alofi,NU,2021-10-24 03:07:19,-19.0595,-169.9187,74.01,65,99,20.56
307,Ostrovnoy,RU,2021-10-24 03:03:26,68.0531,39.5131,24.71,90,76,17.78
308,Merauke,ID,2021-10-24 03:04:43,-8.4667,140.3333,86.27,63,72,15.3
309,Rawson,AR,2021-10-24 03:07:20,-43.3002,-65.1023,56.1,31,2,19.53
310,Culfa,AZ,2021-10-24 03:07:20,38.9558,45.6308,40.87,47,0,0.89
311,Dicabisagan,PH,2021-10-24 03:05:44,17.0818,122.4157,79.14,87,100,4.5
312,Natchitoches,US,2021-10-24 03:07:21,31.7668,-93.1335,75.88,83,1,6.91
313,Manzhouli,CN,2021-10-24 03:07:21,49.6,117.4333,45.86,40,10,4.72
314,Poronaysk,RU,2021-10-24 03:07:21,49.2167,143.1167,50.09,56,9,15.7
315,Mampong,GH,2021-10-24 03:07:22,7.0627,-1.4001,69.08,98,94,2.95
316,Dukat,RU,2021-10-24 03:07:22,62.55,155.55,4.06,92,44,1.92
317,Smoky Lake,CA,2021-10-24 03:07:23,54.1169,-112.4686,34.48,74,100,10.2
318,Melville,US,2021-10-24 03:06:39,40.7934,-73.4151,55.11,74,90,1.99
319,Cap Malheureux,MU,2021-10-24 03:07:23,-19.9842,57.6142,77.47,70,73,8.99
320,Florence,IT,2021-10-24 03:07:23,43.7667,11.25,62.28,65,0,8.05
321,Ueda,JP,2021-10-24 03:07:24,36.4,138.2667,63.61,40,7,3.78
322,Jumla,NP,2021-10-24 03:07:24,29.2747,82.1838,56.41,59,1,1.9
323,Methoni,GR,2021-10-24 03:07:25,36.8197,21.7049,66.22,71,86,9.51
324,Souillac,MU,2021-10-24 03:07:25,-20.5167,57.5167,77.36,70,24,10.94
325,Vardo,NO,2021-10-24 03:02:56,70.3705,31.1107,36.57,66,69,23.85
326,Haysville,US,2021-10-24 03:07:26,37.5645,-97.3523,74.34,72,1,11.01
327,Vestmannaeyjar,IS,2021-10-24 03:03:12,63.4427,-20.2734,47.44,83,100,16.37
328,Fairbanks,US,2021-10-24 03:04:36,64.8378,-147.7164,34.21,82,1,0.0
329,Yulara,AU,2021-10-24 03:07:26,-25.2406,130.9889,80.44,18,3,17.27
330,Paamiut,GL,2021-10-24 03:07:27,61.994,-49.6678,31.26,42,94,5.23
331,Grajau,BR,2021-10-24 03:07:27,-5.8194,-46.1386,74.57,87,46,1.32
332,Shubarkuduk,KZ,2021-10-24 03:07:27,49.1447,56.4872,43.39,37,7,12.41
333,Brae,GB,2021-10-24 03:07:28,60.3964,-1.353,51.71,94,100,18.16
334,Sept-Iles,CA,2021-10-24 03:07:28,50.2001,-66.3821,47.03,95,100,4.68
335,Bure,ET,2021-10-24 03:07:29,10.7,37.0667,52.07,75,7,4.25
336,Pacific Grove,US,2021-10-24 03:07:29,36.6177,-121.9166,62.02,81,100,1.99
337,Charters Towers,AU,2021-10-24 03:06:52,-20.1,146.2667,95.7,26,46,12.71
338,Sambava,MG,2021-10-24 03:07:29,-14.2667,50.1667,74.84,92,94,4.83
339,Hasaki,JP,2021-10-24 03:07:30,35.7333,140.8333,66.29,45,20,4.7
340,Santona,ES,2021-10-24 03:07:30,43.4439,-3.4576,54.91,57,100,4.27
341,Sabang,ID,2021-10-24 03:07:30,5.8933,95.3214,81.52,74,100,2.95
342,Chuy,UY,2021-10-24 03:07:29,-33.6971,-53.4616,54.07,95,41,7.74
343,Izumo,JP,2021-10-24 03:07:31,35.3667,132.7667,63.18,51,84,4.25
344,Chernyshevskiy,RU,2021-10-24 03:04:50,63.0128,112.4714,30.38,82,89,11.52
345,Taguatinga,BR,2021-10-24 03:07:31,-12.3857,-46.5711,78.31,67,99,2.39
346,Naze,JP,2021-10-24 03:07:32,28.3667,129.4833,70.57,65,99,20.45
347,Emerald,AU,2021-10-24 03:07:32,-23.5333,148.1667,96.71,24,94,5.53
348,Tabuk,PH,2021-10-24 03:07:32,17.4189,121.4443,80.2,80,100,3.31
349,Omsukchan,RU,2021-10-24 03:04:54,62.5333,155.8,4.8,90,32,3.02
350,Elk Point,US,2021-10-24 03:07:33,42.6833,-96.6836,52.84,44,100,10.96
351,Grindavik,IS,2021-10-24 03:07:33,63.8424,-22.4338,45.07,100,75,9.22
352,Bokoro,TD,2021-10-24 03:07:34,12.3807,17.0568,82.36,27,26,3.56
353,Itabirito,BR,2021-10-24 03:07:34,-20.2533,-43.8014,63.1,97,5,4.14
354,Lata,PT,2021-10-24 03:07:06,40.1629,-8.3327,55.81,67,0,2.46
355,Hangu,CN,2021-10-24 03:07:35,39.2489,117.7892,60.84,42,0,6.46
356,Tazovskiy,RU,2021-10-24 03:07:01,67.4667,78.7,28.87,98,100,6.06
357,Inuvik,CA,2021-10-24 03:07:36,68.3499,-133.7218,18.37,95,22,3.47
358,Kaitangata,NZ,2021-10-24 03:07:36,-46.2817,169.8464,58.98,70,84,6.44
359,Youghal,IE,2021-10-24 03:07:36,51.95,-7.8506,56.68,100,68,15.21
360,Cabo San Lucas,MX,2021-10-24 03:05:55,22.8909,-109.9124,80.51,71,7,12.19
361,Marsa Matruh,EG,2021-10-24 03:07:37,31.3525,27.2453,67.73,76,0,5.61
362,Livingstonia,MW,2021-10-24 03:07:37,-10.606,34.1063,65.86,65,15,1.81
363,Fukue,JP,2021-10-24 03:07:38,32.6881,128.8419,65.43,52,100,11.74
364,Teguldet,RU,2021-10-24 03:03:39,57.3064,88.1667,42.53,88,100,16.37
365,Cherskiy,RU,2021-10-24 03:07:38,68.75,161.3,-5.24,100,88,4.54
366,Salalah,OM,2021-10-24 03:07:39,17.0151,54.0924,73.49,68,0,4.61
367,Garowe,SO,2021-10-24 03:07:39,8.4054,48.4845,72.81,78,19,8.14
368,Hervey Bay,AU,2021-10-24 03:07:39,-25.2986,152.8535,87.91,78,99,16.6
369,Chishtian Mandi,PK,2021-10-24 03:07:40,29.8,72.8667,71.42,70,0,8.59
370,Saint-Augustin,CA,2021-10-24 03:07:40,51.226,-58.6502,40.73,94,100,11.92
371,Bonthe,SL,2021-10-24 03:03:07,7.5264,-12.505,76.14,91,100,2.35
372,Urtenen,CH,2021-10-24 03:07:41,47.0267,7.5008,39.81,88,90,1.14
373,Kinna,SE,2021-10-24 03:07:41,57.5073,12.6946,51.35,89,100,6.17
374,Tokur,RU,2021-10-24 03:07:25,53.1333,132.9,36.48,79,64,4.21
375,Wanaka,NZ,2021-10-24 03:07:42,-44.7,169.15,57.69,84,100,4.09
376,Zaozerne,UA,2021-10-24 03:07:42,45.1582,33.2787,54.95,69,100,13.85
377,Mehamn,NO,2021-10-24 03:03:11,71.0357,27.8492,36.5,63,98,18.39
378,Belaya Gora,RU,2021-10-24 03:07:43,68.5333,146.4167,-3.37,87,88,3.76
379,Akonolinga,CM,2021-10-24 03:05:09,3.7667,12.25,66.76,99,100,1.97
380,Ovejas,CO,2021-10-24 03:07:43,9.5325,-75.2238,73.62,95,100,4.05
381,Sao Filipe,CV,2021-10-24 03:07:44,14.8961,-24.4956,78.53,68,10,9.1
382,Nanortalik,GL,2021-10-24 03:07:28,60.1432,-45.2371,35.17,67,26,22.64
383,Chubbuck,US,2021-10-24 03:05:43,42.9208,-112.4661,45.88,68,1,1.01
384,Ayan,RU,2021-10-24 03:07:44,56.45,138.1667,41.38,57,97,6.91
385,Yining,CN,2021-10-24 03:07:45,29.0361,114.5636,66.43,56,8,2.57
386,Nantucket,US,2021-10-24 03:03:11,41.2835,-70.0995,55.09,74,19,15.46
387,Urumqi,CN,2021-10-24 03:07:45,43.801,87.6005,36.55,81,0,2.24
388,Haines Junction,CA,2021-10-24 03:03:31,60.7522,-137.5108,34.52,95,96,3.36
389,Basoko,CD,2021-10-24 03:07:46,1.2391,23.616,71.28,96,89,3.2
390,Zhuhai,CN,2021-10-24 03:07:46,22.2769,113.5678,75.78,73,40,20.71
391,Biharamulo,TZ,2021-10-24 03:07:47,-2.6319,31.3089,62.22,75,41,2.42
392,La Paz,BO,2021-10-24 03:07:47,-16.5,-68.15,49.98,15,35,2.3
393,Sisophon,KH,2021-10-24 03:07:47,13.5859,102.9737,79.81,72,63,10.51
394,Hjelset,NO,2021-10-24 03:07:48,62.7833,7.4833,41.97,93,90,13.8
395,Necochea,AR,2021-10-24 03:03:35,-38.5473,-58.7368,44.6,64,0,3.24
396,Okahandja,NA,2021-10-24 03:07:48,-21.9833,16.9167,56.84,23,0,6.33
397,Nassau,US,2021-10-24 03:03:30,40.7507,-73.5829,55.71,72,90,3.0
398,Kudahuvadhoo,MV,2021-10-24 03:07:49,2.6708,72.8944,82.63,73,91,12.84
399,Inta,RU,2021-10-24 03:07:49,66.0317,60.1659,21.78,95,66,12.97
400,Produlesti,RO,2021-10-24 03:07:50,44.7,25.5,53.28,70,100,9.75
401,Oussouye,SN,2021-10-24 03:07:50,12.485,-16.5469,76.8,85,92,1.79
402,Ternate,ID,2021-10-24 03:07:50,0.8,127.4,84.38,69,97,2.68
403,Kaeo,NZ,2021-10-24 03:07:51,-35.1,173.7833,65.32,97,54,4.25
404,Goderich,CA,2021-10-24 03:07:15,43.7501,-81.7165,42.03,72,79,4.74
405,Cabra,ES,2021-10-24 03:07:51,37.4725,-4.4421,57.9,84,21,3.47
406,Aberdeen,GB,2021-10-24 03:07:52,57.1437,-2.0981,54.5,94,90,12.66
407,Kapoeta,SS,2021-10-24 03:07:52,4.7717,33.5903,79.34,44,29,5.06
408,Santa Maria,BR,2021-10-24 03:06:25,-29.6842,-53.8069,58.66,97,78,5.97
409,Faya,SA,2021-10-24 03:07:53,18.3851,42.4509,52.32,30,6,4.61
410,Vila Franca Do Campo,PT,2021-10-24 03:04:47,37.7167,-25.4333,64.81,84,91,6.29
411,Luderitz,NA,2021-10-24 03:03:15,-26.6481,15.1594,56.32,69,0,15.08
412,Adrar,MR,2021-10-24 03:07:54,20.5022,-10.0711,78.17,16,35,9.17
413,Khed Brahma,IN,2021-10-24 03:07:54,24.0333,73.05,73.71,76,0,2.57
414,Bom Jardim,BR,2021-10-24 03:07:54,-7.7958,-35.5872,71.46,95,80,4.59
415,Mariental,NA,2021-10-24 03:07:55,-24.6333,17.9667,54.46,60,0,10.78
416,Lahaina,US,2021-10-24 03:07:55,20.8783,-156.6825,80.6,79,15,11.88
417,Sladkovo,RU,2021-10-24 03:07:55,55.5284,70.3385,45.07,83,95,12.33
418,Capaci,IT,2021-10-24 03:07:56,38.1711,13.2393,70.5,94,0,10.36
419,San Luis,AR,2021-10-24 03:07:56,-33.295,-66.3356,57.27,28,0,7.27
420,Odienne,CI,2021-10-24 03:07:56,9.51,-7.5692,71.02,93,42,2.55
421,Praya,CV,2021-10-24 03:03:25,14.9215,-23.5087,77.54,78,20,16.11
422,Okato,NZ,2021-10-24 03:05:07,-39.2,173.8833,61.43,92,100,12.46
423,Pulong Sampalok,PH,2021-10-24 03:07:57,14.9611,121.0609,82.92,88,100,5.99
424,Varhaug,NO,2021-10-24 03:07:58,58.6147,5.6457,51.35,84,100,19.26
425,Fuerte Olimpo,PY,2021-10-24 03:07:58,-21.0415,-57.8738,71.8,94,100,13.42
426,Finschhafen,PG,2021-10-24 03:07:58,-6.6024,147.8681,85.46,65,11,9.86
427,Chuguyevka,RU,2021-10-24 03:07:59,44.1653,133.8633,54.14,35,0,4.45
428,Beringovskiy,RU,2021-10-24 03:03:43,63.05,179.3167,12.67,73,2,7.52
429,Kamaishi,JP,2021-10-24 03:07:59,39.2667,141.8833,61.07,51,5,5.97
430,Lokosovo,RU,2021-10-24 03:08:00,61.1333,74.8167,40.12,78,100,16.42
431,Savelugu,GH,2021-10-24 03:08:00,9.6244,-0.8253,75.09,87,27,3.58
432,Sorland,NO,2021-10-24 03:08:00,67.667,12.6934,42.87,70,100,13.24
433,Rocha,UY,2021-10-24 03:07:40,-34.4833,-54.3333,51.66,94,24,7.02
434,Balakhninskiy,RU,2021-10-24 03:08:01,58.0106,114.2769,35.17,79,82,3.91
435,Tabou,CI,2021-10-24 03:03:13,4.423,-7.3528,76.95,88,87,4.45
436,Kavieng,PG,2021-10-24 03:08:02,-2.5744,150.7967,85.66,68,18,12.19
437,Olafsvik,IS,2021-10-24 03:03:25,64.8945,-23.7142,44.87,84,100,11.95
438,Darhan,MN,2021-10-24 03:08:03,49.4867,105.9228,42.48,40,95,4.59
439,Sinnamary,GF,2021-10-24 03:08:03,5.3833,-52.95,78.4,86,93,10.02
440,Lesnoy,RU,2021-10-24 03:08:03,57.6198,63.0784,38.89,89,13,9.06
441,Chase,CA,2021-10-24 03:08:04,50.8165,-119.6857,53.35,93,100,3.31
442,Asau,RO,2021-10-24 03:03:35,46.4333,26.4,42.76,66,97,0.72
443,Herat,AF,2021-10-24 03:08:04,34.5,62.0,46.9,33,0,0.94
444,Clarence Town,AU,2021-10-24 03:08:05,-32.5833,151.7833,83.07,57,89,10.2
445,Khani,GE,2021-10-24 03:08:05,41.9563,42.9566,29.77,54,18,4.92
446,Xudat,AZ,2021-10-24 03:08:06,41.631,48.681,53.92,70,0,7.47
447,Richards Bay,ZA,2021-10-24 03:04:10,-28.783,32.0377,66.42,76,100,16.55
448,Khao Yoi,TH,2021-10-24 03:08:07,13.2403,99.8243,80.11,83,99,9.31
449,Lompoc,US,2021-10-24 03:03:14,34.6391,-120.4579,63.37,88,1,6.91
450,Lichtenburg,ZA,2021-10-24 03:08:07,-26.152,26.1597,48.85,67,0,11.54
451,Tiznit,MA,2021-10-24 03:08:08,29.5833,-9.5,61.79,65,24,1.16
452,Naantali,FI,2021-10-24 03:08:08,60.4674,22.0243,28.44,100,20,1.14
453,Kalabo,ZM,2021-10-24 03:08:08,-14.97,22.6814,75.81,52,78,3.51
454,Tessalit,ML,2021-10-24 03:08:09,20.1986,1.0114,81.07,23,50,9.62
455,Havelock,US,2021-10-24 03:08:09,34.8791,-76.9013,63.95,91,0,3.87
456,San Jeronimo,PE,2021-10-24 03:08:10,-11.9472,-75.2829,54.23,71,100,4.52
457,Tual,ID,2021-10-24 03:07:36,-5.6667,132.75,83.91,75,80,11.36
458,Garavuti,TJ,2021-10-24 03:08:10,37.5672,68.4469,41.65,29,0,5.06
459,Grand Gaube,MU,2021-10-24 03:08:10,-20.0064,57.6608,77.38,70,78,8.99
460,Rockland,US,2021-10-24 03:08:11,41.1668,-74.0496,53.85,85,74,4.68
461,Berlevag,NO,2021-10-24 03:08:11,70.8578,29.0864,37.22,63,91,21.92
462,Vernon,CA,2021-10-24 03:08:11,50.2581,-119.2691,50.94,64,90,3.49
463,Murighiol,RO,2021-10-24 03:08:12,45.0333,29.1667,48.69,77,100,10.18
464,Geraldton,AU,2021-10-24 03:08:12,-28.7667,114.6,82.81,39,0,10.36
465,Sterling,US,2021-10-24 03:04:25,39.0062,-77.4286,55.4,85,75,5.99
466,Porto-Vecchio,FR,2021-10-24 03:03:17,41.591,9.2795,65.86,77,0,12.66
467,Mayo,US,2021-10-24 03:05:03,38.8876,-76.5119,57.15,87,1,1.99
468,Las Vegas,US,2021-10-24 03:05:16,36.175,-115.1372,74.08,34,1,5.75
469,Mapulot,PH,2021-10-24 03:08:13,14.0339,122.5408,77.41,92,100,7.63
470,Ranfurly,NZ,2021-10-24 03:08:14,-45.1333,170.1,60.06,64,75,4.25
471,Okhotsk,RU,2021-10-24 03:08:14,59.3833,143.3,23.72,63,1,16.6
472,Vanavara,RU,2021-10-24 03:08:15,60.34,102.2797,33.08,95,100,12.88
473,Saint-Leu,RE,2021-10-24 03:06:53,-21.15,55.2833,74.23,92,2,6.33
474,Tucurui,BR,2021-10-24 03:08:15,-3.7661,-49.6725,73.89,93,78,2.46
475,Samarai,PG,2021-10-24 03:08:15,-10.6167,150.6667,81.36,81,31,11.07
476,Kipushi,CD,2021-10-24 03:08:16,-11.7667,27.2333,67.71,58,36,3.49
477,Isangel,VU,2021-10-24 03:08:16,-19.55,169.2667,80.71,78,75,16.11
478,Berezovyy,RU,2021-10-24 03:08:17,51.6667,135.7,49.71,54,0,1.68
479,Socorro,US,2021-10-24 03:08:17,31.6546,-106.3033,76.21,18,1,10.36
480,Ulladulla,AU,2021-10-24 03:08:17,-35.35,150.4667,73.76,54,50,9.28
481,Hay River,CA,2021-10-24 03:06:51,60.8156,-115.7999,42.28,85,100,11.79
482,Vao,NC,2021-10-24 03:04:40,-22.6667,167.4833,72.52,74,3,13.69
483,Ulety,RU,2021-10-24 03:08:18,51.3572,112.4849,43.45,44,14,6.73
484,Mabaruma,GY,2021-10-24 03:08:19,8.2,-59.7833,73.6,98,100,4.47
485,Nhulunbuy,AU,2021-10-24 03:08:19,-12.2333,136.7667,92.01,49,69,14.97
486,Bereda,ES,2021-10-24 03:08:20,43.2686,-7.5406,47.95,95,1,1.97
487,Kupino,RU,2021-10-24 03:08:20,54.3663,77.2981,45.81,81,100,15.93
488,Fond Du Lac,US,2021-10-24 03:08:21,43.775,-88.4388,40.39,80,1,0.0
489,Tessaoua,NE,2021-10-24 03:08:09,13.7574,7.9874,83.01,27,63,5.5
490,Tilichiki,RU,2021-10-24 03:08:21,60.4667,166.1,14.79,87,95,8.37
491,Capao Bonito,BR,2021-10-24 03:08:22,-24.0058,-48.3494,62.29,80,100,4.9
492,Kismayo,SO,2021-10-24 03:08:22,-0.3582,42.5454,77.45,80,10,9.42
493,Shadegan,IR,2021-10-24 03:07:16,30.6497,48.6647,74.32,24,0,7.27
494,Santiago Del Estero,AR,2021-10-24 03:04:36,-27.7951,-64.2615,59.81,52,0,5.48
495,San Carlos De Bariloche,AR,2021-10-24 03:07:34,-41.1456,-71.3082,38.52,84,53,8.03
496,Shenjiamen,CN,2021-10-24 03:08:23,29.9576,122.298,65.82,68,99,14.25
497,Flinders,AU,2021-10-24 03:04:01,-34.5833,150.8552,75.79,54,31,12.84
498,Itapora,BR,2021-10-24 03:08:23,-22.0799,-54.7874,68.88,93,100,17.65
499,College,US,2021-10-24 03:07:10,64.8569,-147.8028,34.2,81,40,0.0
500,Zhoucheng,CN,2021-10-24 03:05:16,35.9122,116.3117,62.02,49,99,6.96
501,Kahului,US,2021-10-24 03:08:24,20.8947,-156.47,80.62,72,1,25.32
502,Port Saint Lucie,US,2021-10-24 03:07:55,27.2939,-80.3503,81.0,79,1,1.99
503,Chabahar,IR,2021-10-24 03:08:24,25.2919,60.643,76.86,77,0,6.91
504,Talcahuano,CL,2021-10-24 03:08:25,-36.7167,-73.1167,51.48,87,0,12.66
505,Nortelandia,BR,2021-10-24 03:08:25,-14.4547,-56.8028,82.0,61,37,9.95
506,Noumea,NC,2021-10-24 03:08:26,-22.2763,166.4572,80.58,65,11,14.94
507,Siilinjarvi,FI,2021-10-24 03:08:26,63.0833,27.6667,24.82,86,0,8.05
508,San Borja,BO,2021-10-24 03:08:26,-14.8167,-66.85,84.92,52,99,4.5
509,Dalvik,IS,2021-10-24 03:08:27,65.9702,-18.5286,41.0,95,100,1.23
510,Half Moon Bay,US,2021-10-24 03:06:06,37.4636,-122.4286,63.79,80,90,1.99
511,Katherine,AU,2021-10-24 03:08:27,-14.4667,132.2667,97.12,32,10,9.22
512,Mulege,MX,2021-10-24 03:08:28,26.8833,-111.9833,75.87,70,0,1.43
513,Venado Tuerto,AR,2021-10-24 03:08:19,-33.7456,-61.9688,56.77,36,0,6.33
514,Jardim,BR,2021-10-24 03:05:41,-21.4803,-56.1381,71.4,94,100,14.9
515,Makakilo City,US,2021-10-24 03:04:55,21.3469,-158.0858,79.12,64,1,6.91
516,Nagato,JP,2021-10-24 03:08:28,34.3833,131.2,66.2,47,100,5.55
517,Ilanskiy,RU,2021-10-24 03:08:29,56.2358,96.065,41.67,64,100,21.72
518,Pringsewu,ID,2021-10-24 03:08:29,-5.3582,104.9744,88.09,57,80,3.83
519,Bengkulu,ID,2021-10-24 03:08:29,-3.8004,102.2655,78.6,83,99,3.83
520,North Las Vegas,US,2021-10-24 03:08:22,36.1989,-115.1175,74.62,33,1,5.75
521,Panlaitan,PH,2021-10-24 03:08:30,12.1191,119.8486,78.85,87,100,8.05
522,Bissora,GW,2021-10-24 03:08:30,12.2231,-15.4475,76.71,90,99,1.48
523,Nadym,RU,2021-10-24 03:08:17,65.5333,72.5167,26.1,89,18,17.49
524,Santa Pola,ES,2021-10-24 03:08:31,38.1917,-0.5658,62.42,88,20,1.01
525,Aswan,EG,2021-10-24 03:07:59,24.0934,32.907,69.48,47,0,9.62
526,Terrasini,IT,2021-10-24 03:08:31,38.146,13.0844,69.37,89,0,10.36
527,Acapulco,MX,2021-10-24 03:07:33,16.8634,-99.8901,75.69,87,100,9.33
528,Nouakchott,MR,2021-10-24 03:08:32,18.0858,-15.9785,75.13,47,24,12.86
529,Dunedin,NZ,2021-10-24 03:08:32,-45.8742,170.5036,59.81,72,84,8.99
530,Sayat,TM,2021-10-24 03:08:33,38.7839,63.8803,48.63,42,0,5.55
531,Yenagoa,NG,2021-10-24 03:08:33,4.9247,6.2642,73.06,96,84,2.42
532,Concordia,AR,2021-10-24 03:07:39,-31.393,-58.0209,59.79,94,0,5.99
533,Lubango,AO,2021-10-24 03:08:34,-14.9172,13.4925,61.84,34,20,0.18
534,Coos Bay,US,2021-10-24 03:08:34,43.3665,-124.2179,55.02,97,90,4.61
535,Pangody,RU,2021-10-24 03:08:34,65.85,74.4859,25.18,91,33,14.67
536,Korablino,RU,2021-10-24 03:08:35,53.9164,40.0133,39.74,71,76,11.92
537,Amahai,ID,2021-10-24 03:08:35,-3.3333,128.9167,82.51,75,97,3.87
538,Cairns,AU,2021-10-24 03:08:35,-16.9167,145.7667,95.07,59,22,9.22
539,Jajce,BA,2021-10-24 03:08:04,44.3422,17.2656,32.18,96,8,1.95
540,Ulaangom,MN,2021-10-24 03:08:36,49.9811,92.0667,39.85,42,79,4.09
541,Chara,RU,2021-10-24 03:08:36,56.9064,118.2631,37.76,51,100,1.7
542,Okakarara,NA,2021-10-24 03:08:37,-20.5833,17.4333,62.85,17,0,7.65
543,Traverse City,US,2021-10-24 03:04:10,44.7631,-85.6206,46.99,96,75,0.0
544,Ibra,OM,2021-10-24 03:07:58,22.6906,58.5334,73.56,70,0,1.1
545,La Chapelle-Sur-Erdre,FR,2021-10-24 03:08:37,47.2958,-1.5531,43.38,92,0,5.75
546,Matagami,CA,2021-10-24 03:08:38,49.7502,-77.6328,32.18,88,93,3.74
547,Tautira,PF,2021-10-24 03:08:38,-17.7333,-149.15,80.62,86,100,19.46
548,Amazar,RU,2021-10-24 03:08:38,53.858,120.875,41.79,61,66,3.71
549,Ukiah,US,2021-10-24 03:08:39,39.1502,-123.2078,57.43,94,90,10.36
550,Shizunai,JP,2021-10-24 03:04:25,42.3339,142.3669,56.05,65,2,11.79
551,Sao Jose Da Coroa Grande,BR,2021-10-24 03:03:50,-8.8978,-35.1478,77.65,85,32,10.25
552,Killybegs,IE,2021-10-24 03:06:47,54.6333,-8.45,54.32,89,76,14.03
553,Sakakah,SA,2021-10-24 03:08:40,29.9697,40.2064,65.82,37,0,5.14
554,Dingle,PH,2021-10-24 03:08:40,10.9995,122.6711,85.48,72,66,3.31
555,Rio Gallegos,AR,2021-10-24 03:08:41,-51.6226,-69.2181,37.45,56,0,16.11
556,Svetlogorsk,BY,2021-10-24 03:08:41,52.6333,29.7333,36.68,93,61,10.65
557,Binzhou,CN,2021-10-24 03:08:41,37.3667,118.0167,61.23,39,26,4.34
558,Port Shepstone,ZA,2021-10-24 03:08:42,-30.7414,30.455,63.28,60,80,19.04
559,Kasongo-Lunda,CD,2021-10-24 03:08:42,-6.4667,16.8167,69.37,98,100,1.43
560,Touros,BR,2021-10-24 03:08:43,-5.1989,-35.4608,81.5,80,68,12.3
561,Vyazemskiy,RU,2021-10-24 03:08:43,47.5378,134.7525,53.06,39,0,13.58
562,Ghanzi,BW,2021-10-24 03:08:43,-21.5667,21.7833,62.17,19,2,6.6
563,Platanos,GR,2021-10-24 03:08:44,37.6667,21.6167,63.09,77,97,3.38
564,Paoua,CF,2021-10-24 03:08:44,7.2427,16.4406,67.66,95,100,3.33
565,Vengerovo,RU,2021-10-24 03:08:45,55.6848,76.7471,45.41,82,23,15.79
566,Xuanhua,CN,2021-10-24 03:05:17,40.6103,115.0447,52.95,35,3,1.61
567,Carberry,CA,2021-10-24 03:08:45,49.8689,-99.3602,36.64,78,8,7.72
568,Port Lincoln,AU,2021-10-24 03:08:14,-34.7333,135.8667,60.69,58,13,10.69
569,Taungdwingyi,MM,2021-10-24 03:08:07,20.0167,95.55,80.58,79,74,0.67
570,Raudeberg,NO,2021-10-24 03:08:46,61.9875,5.1352,48.87,88,100,18.01
571,Kaniv,UA,2021-10-24 03:08:46,49.7518,31.46,41.18,72,94,9.89
572,Peciu Nou,RO,2021-10-24 03:08:47,45.6064,21.0578,37.08,67,0,5.44
573,Balykshi,KZ,2021-10-24 03:08:47,47.0667,51.8667,42.8,93,0,4.47
574,Isla Vista,US,2021-10-24 03:08:47,34.4133,-119.861,65.68,67,1,0.0
575,Navolato,MX,2021-10-24 03:08:48,24.7672,-107.6944,80.78,84,0,5.12
576,Kulevcha,UA,2021-10-24 03:08:48,46.0303,29.9361,50.14,42,100,10.42
577,Altamira,BR,2021-10-24 03:05:07,-3.2033,-52.2064,73.8,92,40,1.32
578,Parkes,AU,2021-10-24 03:08:49,-33.1333,148.1833,73.35,29,0,3.0
579,Mindelo,CV,2021-10-24 03:08:49,16.8901,-24.9804,74.75,73,20,25.32
580,Evensk,RU,2021-10-24 03:06:47,61.95,159.2333,16.47,68,67,11.25
581,Tacoronte,ES,2021-10-24 03:08:49,28.4769,-16.4102,67.17,75,90,5.01
582,Maralal,KE,2021-10-24 03:08:50,1.0968,36.698,58.77,74,3,4.94
583,Shimoda,JP,2021-10-24 03:07:07,34.6667,138.95,63.1,61,95,10.0
584,Vieste,IT,2021-10-24 03:08:50,41.8825,16.175,63.18,84,99,7.9
